"","district","postcode","n","per_of_district","per_of_postcode"
"1","ALBURY","2640",25595,44.8390035387688,100
"2","ALBURY","2641",10404,18.2264111278512,100
"3","ALBURY","2646",5588,9.78942573841141,99.1307433031754
"4","ALBURY","2642",2983,5.22581549350058,89.7953040337146
"5","ALBURY","2647",2763,4.8404050313584,99.7472924187726
"6","ALBURY","2643",2040,3.57380610350023,100
"7","ALBURY","2644",1885,3.30226691426369,100
"8","ALBURY","2653",1733,3.03598332223818,100
"9","ALBURY","2660",1038,1.81843663501629,100
"10","ALBURY","2658",936,1.63974632984128,80.0684345594525
"11","ALBURY","2659",582,1.01958585893977,99.4871794871795
"12","ALBURY","2652",443,0.776076521495393,10.3698501872659
"13","ALBURY","2645",423,0.741039206755194,98.1438515081206
"14","ALBURY","2700",221,0.387162327879191,5.80814717477004
"15","ALBURY","3691",173,0.303072772502715,100
"16","ALBURY","2650",114,0.19971269401913,0.303328632626453
"17","ALBURY","2629",102,0.178690305175011,11.8881118881119
"18","ALBURY","3707",29,0.0508041063732875,100
"19","ALBURY","2649",25,0.0437966434252479,83.3333333333333
"20","ALBURY","2656",5,0.00875932868504958,0.317662007623888
"21","AUBURN","2144",16978,35.8374670184697,100
"22","AUBURN","2141",13153,27.7635883905013,85.1602460343153
"23","AUBURN","2162",5940,12.5382585751979,69.2307692307692
"24","AUBURN","2199",4886,10.3134564643799,57.726843100189
"25","AUBURN","2143",4411,9.31081794195251,100
"26","AUBURN","2197",1814,3.82902374670185,44.7790668970624
"27","AUBURN","2200",187,0.394722955145119,0.630223779994608
"28","AUBURN","2135",6,0.012664907651715,0.0439624853458382
"29","BADGERYS CREEK","2745",12801,33.782856539639,98.9411037254599
"30","BADGERYS CREEK","2759",9648,25.461838910588,100
"31","BADGERYS CREEK","2570",9159,24.1713290404307,32.1390974805249
"32","BADGERYS CREEK","2178",1547,4.0826559695978,67.43679163034
"33","BADGERYS CREEK","2175",1358,3.58386994616278,99.9264164827079
"34","BADGERYS CREEK","2557",1071,2.82645413279848,11.4069655980403
"35","BADGERYS CREEK","2556",1014,2.67602660192125,100
"36","BADGERYS CREEK","2748",975,2.57310250184736,76.8321513002364
"37","BADGERYS CREEK","2766",173,0.456560751609838,2.55803637439006
"38","BADGERYS CREEK","2555",145,0.382666525915761,100
"39","BADGERYS CREEK","2176",1,0.00263907948907421,0.00590388475616956
"40","BALLINA","2478",23529,43.7895481277451,100
"41","BALLINA","2481",11183,20.81255117993,100
"42","BALLINA","2477",7090,13.1951165041316,99.4111048794167
"43","BALLINA","2483",5945,11.0641703268071,85.8112009237875
"44","BALLINA","2482",3267,6.08017568674161,83.2356687898089
"45","BALLINA","2479",2661,4.95235613786943,96.0303139660772
"46","BALLINA","2480",57,0.106082036775106,0.199677713164717
"47","BALMAIN","2040",13959,23.3627341043365,99.9355670103093
"48","BALMAIN","2037",12794,21.4129106763293,99.9843701156612
"49","BALMAIN","2041",10254,17.1617935028201,100
"50","BALMAIN","2007",7289,12.1993673534285,79.1164658634538
"51","BALMAIN","2038",5929,9.9231786306047,100
"52","BALMAIN","2039",5748,9.6202446902877,100
"53","BALMAIN","2050",3432,5.74402918877303,44.364012409514
"54","BALMAIN","2009",316,0.528879144420827,2.53103724469363
"55","BALMAIN","2008",14,0.0234313544996569,0.15493581230633
"56","BALMAIN","2048",13,0.02175768632111,0.273569023569024
"57","BALMAIN","2049",1,0.00167366817854692,0.0114116170261326
"58","BANKSTOWN","2200",22760,43.7255052639668,76.7053114046913
"59","BANKSTOWN","2190",11515,22.1221086605702,100
"60","BANKSTOWN","2196",11509,22.1105817259663,75.365071049702
"61","BANKSTOWN","2195",2937,5.64243448858833,22.0379680348165
"62","BANKSTOWN","2199",1838,3.53108430031507,21.7155009451796
"63","BANKSTOWN","2210",952,1.82894029047875,5.24662441443924
"64","BANKSTOWN","2209",531,1.0201337124414,6.77468742026027
"65","BANKSTOWN","2212",10,0.0192115576730961,0.112714156898106
"66","BARWON","2880",13706,21.3273165797868,100
"67","BARWON","2390",6290,9.78759822609507,98.8993710691824
"68","BARWON","2835",3459,5.38240099587645,100
"69","BARWON","2357",3320,5.16610907959231,100
"70","BARWON","2877",3286,5.11320314323504,99.8177399756987
"71","BARWON","2827",2816,4.38185637594336,100
"72","BARWON","2829",2578,4.01151482144247,100
"73","BARWON","2388",2531,3.9383801447133,100
"74","BARWON","2840",2424,3.77188205088306,100
"75","BARWON","2825",1949,3.03275499883296,100
"76","BARWON","2824",1678,2.61106356492648,100
"77","BARWON","2831",1654,2.57371819808605,73.8722644037517
"78","BARWON","2832",1608,2.50213957830857,100
"79","BARWON","2834",1396,2.17225550455147,100
"80","BARWON","2382",1367,2.12712985295262,94.21088904204
"81","BARWON","2672",1359,2.11468139733914,100
"82","BARWON","2843",1186,1.84548354469774,100
"83","BARWON","2844",1125,1.75056407064499,95.2582557154953
"84","BARWON","2396",1024,1.59340231852486,100
"85","BARWON","2839",931,1.44868902201821,100
"86","BARWON","2836",913,1.42067999688789,100
"87","BARWON","2873",786,1.22306076402396,100
"88","BARWON","2395",780,1.21372442231386,100
"89","BARWON","2828",759,1.18104722632848,100
"90","BARWON","2879",685,1.06589901190384,100
"91","BARWON","2842",599,0.932078114058974,99.6672212978369
"92","BARWON","2833",577,0.897844861121917,96.6499162479062
"93","BARWON","2878",402,0.625534894577142,95.260663507109
"94","BARWON","2397",386,0.600637983350191,91.686460807601
"95","BARWON","2386",344,0.535283591379444,100
"96","BARWON","2669",318,0.494826110635649,19.0419161676647
"97","BARWON","2817",272,0.423247490858165,100
"98","BARWON","2356",262,0.407686921341321,100
"99","BARWON","2838",231,0.359449155839104,100
"100","BARWON","2826",191,0.297206877771726,100
"101","BARWON","2875",167,0.2598615109313,21.8872870249017
"102","BARWON","2381",136,0.211623745429083,10.7680126682502
"103","BARWON","2387",124,0.19295106200887,91.1764705882353
"104","BARWON","2671",124,0.19295106200887,3.79204892966361
"105","BARWON","2379",102,0.158717809071812,43.5897435897436
"106","BARWON","2822",89,0.138489068699914,25.2840909090909
"107","BARWON","2874",81,0.126040613086439,22.0108695652174
"108","BARWON","2329",60,0.0933634171010659,3.04878048780488
"109","BARWON","2823",60,0.0933634171010659,4.88997555012225
"110","BARWON","2871",60,0.0933634171010659,0.981675392670157
"111","BARWON","2830",57,0.0886952462460126,0.217615393425724
"112","BARWON","2648",10,0.0155605695168443,0.520020800832033
"113","BARWON","2347",1,0.00155605695168443,0.0570450656018254
"114","BARWON","2398",1,0.00155605695168443,0.840336134453782
"115","BARWON","2852",1,0.00155605695168443,0.0361925443358668
"116","BATHURST","2795",26841,50.4814745157043,99.9292628443783
"117","BATHURST","2790",10159,19.1066390821892,100
"118","BATHURST","2787",3628,6.82339665224751,98.3997830214266
"119","BATHURST","2799",2951,5.55012224938875,98.1703260146374
"120","BATHURST","2849",1689,3.17660334775249,100
"121","BATHURST","2847",1552,2.91893925145759,100
"122","BATHURST","2848",1395,2.62365995862328,100
"123","BATHURST","2845",1146,2.15535076170773,100
"124","BATHURST","2798",1045,1.96539401918375,85.8668857847165
"125","BATHURST","2850",747,1.40492759074666,5.17958674247677
"126","BATHURST","2792",517,0.97235283054354,92.156862745098
"127","BATHURST","2791",484,0.910287756253526,100
"128","BATHURST","2797",379,0.712807974421666,98.6979166666667
"129","BATHURST","2846",353,0.663908218920444,100
"130","BATHURST","2786",124,0.233214218544292,7.92332268370607
"131","BATHURST","2580",65,0.122249388753056,0.301232737046992
"132","BATHURST","2785",49,0.0921572315215347,1.13979995347755
"133","BATHURST","2800",46,0.0865149520406244,0.163033847244374
"134","BEGA","2536",18293,28.1409122375202,98.3124630515398
"135","BEGA","2550",11971,18.4155064995,100
"136","BEGA","2537",11312,17.4017383278209,100
"137","BEGA","2546",9022,13.8789323898162,100
"138","BEGA","2548",7175,11.0376124913468,100
"139","BEGA","2551",3529,5.42881316821783,100
"140","BEGA","2549",2795,4.29966925621106,100
"141","BEGA","2545",841,1.29374663487424,100
"142","BEGA","2622",35,0.0538420121529113,0.820248418092337
"143","BEGA","2632",32,0.0492269825398046,1.06524633821571
"144","BLACKTOWN","2148",26722,63.0801189745527,79.5463340576906
"145","BLACKTOWN","2767",8524,20.1218072801095,100
"146","BLACKTOWN","2761",5105,12.0508946697512,42.6732424977012
"147","BLACKTOWN","2763",1958,4.62206694679194,14.8671222475323
"148","BLACKTOWN","2766",49,0.115669703979982,0.724530533786781
"149","BLACKTOWN","2765",4,0.00944242481469241,0.0152439024390244
"150","BLUE MOUNTAINS","2780",11442,24.3012488318749,100
"151","BLUE MOUNTAINS","2777",8726,18.5328349333107,100
"152","BLUE MOUNTAINS","2774",5726,12.161243734602,100
"153","BLUE MOUNTAINS","2785",4250,9.02642086483731,98.8602000465225
"154","BLUE MOUNTAINS","2782",4190,8.89898904086314,100
"155","BLUE MOUNTAINS","2773",2605,5.53266502421205,100
"156","BLUE MOUNTAINS","2779",2532,5.37762297171014,100
"157","BLUE MOUNTAINS","2776",1902,4.03958881998131,100
"158","BLUE MOUNTAINS","2783",1881,3.99498768159035,100
"159","BLUE MOUNTAINS","2786",1441,3.06048763911307,92.0766773162939
"160","BLUE MOUNTAINS","2778",1398,2.96916149859825,100
"161","BLUE MOUNTAINS","2784",868,1.84351372015971,100
"162","BLUE MOUNTAINS","2758",95,0.201767054625775,2.02213707960834
"163","BLUE MOUNTAINS","2787",28,0.0594681845212811,0.75942500678058
"164","CABRAMATTA","2166",17961,48.9173952120271,77.9828065300452
"165","CABRAMATTA","2176",13656,37.1925810932266,80.6234502302515
"166","CABRAMATTA","2170",3129,8.52193806683553,5.26218425212741
"167","CABRAMATTA","2177",1957,5.32995615110167,32.2564694247569
"168","CABRAMATTA","2164",14,0.0381294768091075,0.108434668112462
"169","CAMDEN","2567",16797,43.5946016091357,100
"170","CAMDEN","2570",14883,38.6270438619258,52.2247175240368
"171","CAMDEN","2557",6849,17.7757591487153,72.9470657151986
"172","CAMDEN","2566",1,0.0025953802232027,0.00880049282759835
"173","CAMPBELLTOWN","2560",38627,95.1661780285299,100
"174","CAMPBELLTOWN","2559",1506,3.71036487718347,99.9336429993364
"175","CAMPBELLTOWN","2563",453,1.11606592919264,100
"176","CAMPBELLTOWN","2557",3,0.00739116509399098,0.0319522845883481
"177","CANTERBURY","2194",11837,22.9310344827586,77.9211375156343
"178","CANTERBURY","2195",10390,20.1278574196048,77.9620319651835
"179","CANTERBURY","2206",8768,16.9856644711352,100
"180","CANTERBURY","2192",7564,14.6532351801627,100
"181","CANTERBURY","2193",5935,11.4974815962805,58.2662477910858
"182","CANTERBURY","2196",3762,7.28787291747385,24.6349289502979
"183","CANTERBURY","2208",2976,5.76520728399845,48.1319747695294
"184","CANTERBURY","2209",388,0.751646648585819,4.95024240877775
"185","CASTLE HILL","2154",19803,46.9410007822315,91.2412458532989
"186","CASTLE HILL","2153",10966,25.9937895560244,38.1851103837315
"187","CASTLE HILL","2156",4984,11.8140659444853,95.1508209240168
"188","CASTLE HILL","2125",4748,11.2546519069856,72.8779739063699
"189","CASTLE HILL","2158",1683,3.98938061488136,39.590684544813
"190","CASTLE HILL","2126",3,0.00711119539194539,0.039994667377683
"191","CESSNOCK","2325",17754,39.091089239712,99.8313090418354
"192","CESSNOCK","2285",7947,17.4978532267653,45.9603261812504
"193","CESSNOCK","2327",4379,9.64176409714424,100
"194","CESSNOCK","2326",3793,8.35149833762688,98.493897688912
"195","CESSNOCK","2321",2629,5.78858136821014,24.1192660550459
"196","CESSNOCK","2286",2118,4.66345201136138,100
"197","CESSNOCK","2334",1777,3.9126318338948,98.5033259423503
"198","CESSNOCK","2335",1660,3.65501904573177,36.7581930912312
"199","CESSNOCK","2320",1490,3.2807098663496,6.97043413173653
"200","CESSNOCK","2278",840,1.84952770988837,64.367816091954
"201","CESSNOCK","2323",746,1.64255675187705,5.36497662711255
"202","CESSNOCK","2322",160,0.352290992359689,1.23295060491639
"203","CESSNOCK","2250",124,0.273025519078759,0.2718225261958
"204","CHARLESTOWN","2290",17202,40.144690781797,89.7058823529412
"205","CHARLESTOWN","2289",8888,20.7421236872812,86.8902140971747
"206","CHARLESTOWN","2282",7304,17.0455075845974,87.0975435249225
"207","CHARLESTOWN","2305",4014,9.36756126021004,59.8657718120805
"208","CHARLESTOWN","2285",2750,6.41773628938156,15.9042276328726
"209","CHARLESTOWN","2306",1724,4.02333722287048,100
"210","CHARLESTOWN","2291",784,1.82963827304551,9.83935742971888
"211","CHARLESTOWN","2280",180,0.420070011668611,1.28838307923556
"212","CHARLESTOWN","2292",3,0.00700116686114352,0.133392618941752
"213","CHARLESTOWN","2303",1,0.00233372228704784,0.013428226131328
"214","CLARENCE","2460",19371,37.1234189344576,99.9432463110102
"215","CLARENCE","2470",8541,16.3683403602913,97.1672354948805
"216","CLARENCE","2464",6000,11.4986584898429,100
"217","CLARENCE","2463",5283,10.1245688003066,100
"218","CLARENCE","2473",2773,5.31429666538904,100
"219","CLARENCE","2462",2328,4.46147949405903,100
"220","CLARENCE","2469",1755,3.36335760827903,46.4777542372881
"221","CLARENCE","2466",1751,3.35569183595247,100
"222","CLARENCE","2471",1502,2.87849750862399,86.2227324913892
"223","CLARENCE","2472",1436,2.75201226523572,94.2875902823375
"224","CLARENCE","2450",526,1.00804906094289,1.73528635523885
"225","CLARENCE","2453",460,0.881563817554619,18.7449062754686
"226","CLARENCE","2465",235,0.450364124185512,100
"227","CLARENCE","2480",170,0.325795323878881,0.59553002171933
"228","CLARENCE","2370",42,0.0804906094289,0.777345918933926
"229","CLARENCE","2456",7,0.0134151015714833,0.0673206385843431
"230","COFFS HARBOUR","2450",29786,60.5185094883985,98.2647136447611
"231","COFFS HARBOUR","2456",10391,21.1121947255069,99.9326793614157
"232","COFFS HARBOUR","2452",9014,18.3144378073063,100
"233","COFFS HARBOUR","2454",16,0.0325084318745174,0.357382175563994
"234","COFFS HARBOUR","2460",11,0.0223495469137307,0.0567536889897843
"235","COOGEE","2031",23480,35.5122659487583,100
"236","COOGEE","2034",13470,20.37266704982,96.2005427796029
"237","COOGEE","2022",12058,18.2370912610787,91.8844776346872
"238","COOGEE","2024",6946,10.5054599352673,100
"239","COOGEE","2026",3915,5.92123173719713,15.7121643857607
"240","COOGEE","2032",3309,5.0046885870716,35.8971577348666
"241","COOGEE","2033",2940,4.44659548080704,37.7261645066085
"242","COOTAMUNDRA","2594",8313,14.3532986860507,100
"243","COOTAMUNDRA","2794",7256,12.5282732185714,100
"244","COOTAMUNDRA","2590",4768,8.23247060448573,100
"245","COOTAMUNDRA","2666",4645,8.02009772605625,100
"246","COOTAMUNDRA","2700",3524,6.08456929744289,92.6149802890933
"247","COOTAMUNDRA","2671",3146,5.43191118324499,96.2079510703364
"248","COOTAMUNDRA","2663",2869,4.95364055458674,100
"249","COOTAMUNDRA","2810",2767,4.77752646027937,99.8916967509025
"250","COOTAMUNDRA","2586",2751,4.74990071999586,100
"251","COOTAMUNDRA","2722",2414,4.16803356527444,94.481409001957
"252","COOTAMUNDRA","2665",2286,3.94702764300637,97.6505766766339
"253","COOTAMUNDRA","2587",2275,3.92803494656146,100
"254","COOTAMUNDRA","2701",1879,3.24429787454461,100
"255","COOTAMUNDRA","2652",1222,2.10991591415301,28.6048689138577
"256","COOTAMUNDRA","2669",1170,2.02013225823161,70.059880239521
"257","COOTAMUNDRA","2793",941,1.62473885042388,100
"258","COOTAMUNDRA","2702",730,1.26042440043511,90.6832298136646
"259","COOTAMUNDRA","2668",509,0.878843862769135,100
"260","COOTAMUNDRA","2804",470,0.811506120828082,23.7373737373737
"261","COOTAMUNDRA","2807",460,0.794240033150888,100
"262","COOTAMUNDRA","2727",341,0.588773589792289,99.7076023391813
"263","COOTAMUNDRA","2725",335,0.578413937185973,100
"264","COOTAMUNDRA","2650",326,0.562874458276499,0.86741345821249
"265","COOTAMUNDRA","2805",309,0.533522109225271,91.4201183431953
"266","COOTAMUNDRA","2721",287,0.495536716335446,100
"267","COOTAMUNDRA","2803",281,0.48517706372913,100
"268","COOTAMUNDRA","2588",267,0.461004540981059,100
"269","COOTAMUNDRA","2808",262,0.452371497142462,100
"270","COOTAMUNDRA","2729",209,0.360861232453338,15.9541984732824
"271","COOTAMUNDRA","2585",205,0.353954797382461,100
"272","COOTAMUNDRA","2726",204,0.352228188614742,100
"273","COOTAMUNDRA","2809",195,0.336688709705268,100
"274","COOTAMUNDRA","2582",89,0.15366818032702,1.09714003944773
"275","COOTAMUNDRA","2583",80,0.138128701417546,1.91113234591495
"276","COOTAMUNDRA","2792",44,0.0759707857796502,7.84313725490196
"277","COOTAMUNDRA","2799",34,0.058704698102457,1.13107119095143
"278","COOTAMUNDRA","2705",30,0.0517982630315797,0.446096654275093
"279","COOTAMUNDRA","2871",11,0.0189926964449125,0.179973821989529
"280","COOTAMUNDRA","2584",6,0.0103596526063159,1
"281","COOTAMUNDRA","2797",5,0.00863304383859661,1.30208333333333
"282","COOTAMUNDRA","2720",2,0.00345321753543864,0.0366905155017428
"283","CRONULLA","2230",19808,43.8559978745074,93.0914559639064
"284","CRONULLA","2229",15364,34.0167382544392,80.5536622450585
"285","CRONULLA","2227",3485,7.71598104769074,47.6744186046512
"286","CRONULLA","2232",3017,6.67980339193199,14.699863574352
"287","CRONULLA","2228",2214,4.90191737147412,16.087777939253
"288","CRONULLA","2231",1278,2.8295620599566,100
"289","DAVIDSON","2075",9667,22.8539681789168,99.7523475389537
"290","DAVIDSON","2070",7287,17.2273576207475,100
"291","DAVIDSON","2071",6305,14.9057897349819,100
"292","DAVIDSON","2072",5634,13.3194638171115,100
"293","DAVIDSON","2069",4387,10.3714035792808,64.6002061552054
"294","DAVIDSON","2085",3990,9.43284711222488,72.6379027853632
"295","DAVIDSON","2074",2814,6.65263954230596,26.111162661223
"296","DAVIDSON","2086",1695,4.00718693113312,30.4144984747892
"297","DAVIDSON","2073",520,1.22934348329748,6.44202180376611
"298","DRUMMOYNE","2046",15502,30.2153786180684,99.9290917295172
"299","DRUMMOYNE","2137",15014,29.2642042685898,99.99333999334
"300","DRUMMOYNE","2138",11355,22.1323457752656,100
"301","DRUMMOYNE","2047",8744,17.043173180002,100
"302","DRUMMOYNE","2140",688,1.34099990254361,4.76949740034662
"303","DRUMMOYNE","2134",2,0.00389825553065003,0.0160849284220685
"304","DUBBO","2830",26136,47.9207920792079,99.7823846065743
"305","DUBBO","2850",13644,25.016501650165,94.605463874636
"306","DUBBO","2820",5215,9.56178951228456,100
"307","DUBBO","2821",3265,5.98643197653099,100
"308","DUBBO","2852",2762,5.06417308397506,99.9638074556641
"309","DUBBO","2823",1167,2.13971397139714,95.1100244498778
"310","DUBBO","2818",758,1.38980564723139,100
"311","DUBBO","2831",585,1.07260726072607,26.1277355962483
"312","DUBBO","2869",287,0.526219288595526,23.5438884331419
"313","DUBBO","2822",263,0.482214888155482,74.7159090909091
"314","DUBBO","2866",211,0.386872020535387,11.1463285789752
"315","DUBBO","2868",120,0.22002200220022,27.027027027027
"316","DUBBO","2844",56,0.102676934360103,4.74174428450466
"317","DUBBO","2800",32,0.0586725339200587,0.113414850256956
"318","DUBBO","2867",30,0.055005500550055,7.2992700729927
"319","DUBBO","2795",7,0.0128346167950128,0.0260610573343261
"320","DUBBO","2842",2,0.00366703337000367,0.332778702163062
"321","EAST HILLS","2213",10256,24.8992473901432,100
"322","EAST HILLS","2211",9037,21.9397912114591,100
"323","EAST HILLS","2212",8862,21.5149308084486,99.8872858431019
"324","EAST HILLS","2200",6725,16.3267783442583,22.6644648153141
"325","EAST HILLS","2214",2168,5.26341344986647,100
"326","EAST HILLS","2198",2008,4.87496965282836,58.4060500290867
"327","EAST HILLS","2199",1740,4.22432629278951,20.5576559546314
"328","EAST HILLS","2197",394,0.956542850206361,9.72599358183165
"329","EPPING","2121",16131,35.0567218672578,90.7255343082115
"330","EPPING","2118",11776,25.5922110661972,91.9712589815683
"331","EPPING","2117",8949,19.4484287390794,82.7614907981134
"332","EPPING","2119",5257,11.4247837614639,100
"333","EPPING","2151",3699,8.03885773894902,30.6487695749441
"334","EPPING","2120",116,0.252097187812405,1.20331950207469
"335","EPPING","2125",86,0.186899639240231,1.32003069838833
"336","FAIRFIELD","2165",19283,46.5491852745926,98.5586506516739
"337","FAIRFIELD","2163",5430,13.1080265540133,100
"338","FAIRFIELD","2166",5071,12.2414001207001,22.0171934699548
"339","FAIRFIELD","2162",2334,5.63427881713941,27.2027972027972
"340","FAIRFIELD","2164",2308,5.57151478575739,17.8762295716831
"341","FAIRFIELD","2161",1982,4.7845503922752,13.0172074083804
"342","FAIRFIELD","2197",1843,4.44900422450211,45.4949395211059
"343","FAIRFIELD","2176",1744,4.21001810500905,10.2963750147597
"344","FAIRFIELD","2198",1430,3.45202172601086,41.5939499709133
"345","GOSFORD","2250",26678,48.8303986528535,58.4813012407383
"346","GOSFORD","2257",15603,28.5591389976937,77.8320945777423
"347","GOSFORD","2256",11079,20.2785811033422,100
"348","GOSFORD","2083",651,1.19156569169382,45.9421312632322
"349","GOSFORD","2775",621,1.13665483032544,34.2715231788079
"350","GOSFORD","2259",2,0.00366072409122524,0.00547975231519535
"351","GOULBURN","2580",21151,39.3902711561383,98.0211326350913
"352","GOULBURN","2577",9771,18.1968861740167,88.3294160188031
"353","GOULBURN","2582",8023,14.9415226460072,98.9028599605523
"354","GOULBURN","2583",4106,7.64675208581645,98.088867654085
"355","GOULBURN","2579",3285,6.11777413587604,100
"356","GOULBURN","2578",2055,3.82710071513707,100
"357","GOULBURN","2581",1972,3.67252681764005,96.1951219512195
"358","GOULBURN","2620",1345,2.5048420738975,4.92115180564195
"359","GOULBURN","2584",594,1.10622765196663,99
"360","GOULBURN","2618",457,0.851087604290822,100
"361","GOULBURN","2575",437,0.813840882002384,4.39859084046301
"362","GOULBURN","2576",263,0.489794398092968,2.72228547769382
"363","GOULBURN","2622",139,0.258864719904648,3.25755800328099
"364","GOULBURN","2621",58,0.108015494636472,1.68899242865463
"365","GOULBURN","2611",39,0.0726311084624553,46.9879518072289
"366","GOULBURN","2727",1,0.00186233611442193,0.292397660818713
"367","GRANVILLE","2160",18550,35.8038988612237,100
"368","GRANVILLE","2161",13244,25.5626326963907,86.9827925916196
"369","GRANVILLE","2145",10087,19.4692144373673,23.5111763746125
"370","GRANVILLE","2142",8274,15.9698899826288,53.0384615384615
"371","GRANVILLE","2164",770,1.48619957537155,5.96390674618542
"372","GRANVILLE","2150",579,1.11754487550666,2.05822757811667
"373","GRANVILLE","2162",306,0.590619571511291,3.56643356643357
"374","HAWKESBURY","2756",19189,38.8677334413612,99.6727612715562
"375","HAWKESBURY","2765",10341,20.9459185740328,39.4092987804878
"376","HAWKESBURY","2753",7699,15.5944905813247,71.4856081708449
"377","HAWKESBURY","2754",4636,9.39031800688677,100
"378","HAWKESBURY","2758",4603,9.32347579501722,97.9778629203917
"379","HAWKESBURY","2157",1107,2.24225237998785,60.5579868708972
"380","HAWKESBURY","2775",1050,2.12679765039498,57.9470198675497
"381","HAWKESBURY","2757",539,1.09175612720275,100
"382","HAWKESBURY","2155",179,0.362568361353048,0.571665815022994
"383","HAWKESBURY","2325",13,0.0263317804334616,0.0730994152046784
"384","HAWKESBURY","2330",7,0.0141786510026332,0.05380476556495
"385","HAWKESBURY","2156",6,0.0121531294308284,0.11454753722795
"386","HAWKESBURY","2250",1,0.00202552157180474,0.00219211714674032
"387","HEATHCOTE","2232",13268,32.5762969874046,64.6462677840577
"388","HEATHCOTE","2233",13175,32.347958457119,100
"389","HEATHCOTE","2515",5976,14.6725920106067,100
"390","HEATHCOTE","2508",4161,10.2163077905178,100
"391","HEATHCOTE","2516",2678,6.57516757101819,88.0052579691094
"392","HEATHCOTE","2230",1470,3.60922193031992,6.90854403609362
"393","HEATHCOTE","2173",1,0.00245525301382307,0.0203748981255094
"394","HEFFRON","2017",23889,31.8647458983593,99.0422885572139
"395","HEFFRON","2020",14594,19.4664532479659,100
"396","HEFFRON","2018",12790,17.0601573962918,99.9609222352481
"397","HEFFRON","2015",10386,13.8535414165666,83.8053740014524
"398","HEFFRON","2044",5689,7.58836868080566,99.9824253075571
"399","HEFFRON","2033",4839,6.45458183273309,62.0941870909791
"400","HEFFRON","2032",2730,3.64145658263305,29.6159687567802
"401","HEFFRON","2021",41,0.0546885420835001,0.370270026189831
"402","HEFFRON","2043",12,0.0160064025610244,0.162337662337662
"403","HOLSWORTHY","2170",28177,69.529919802591,47.3865662103528
"404","HOLSWORTHY","2234",6398,15.7877853177051,51.0451571724908
"405","HOLSWORTHY","2173",4907,12.1085749537323,99.9796251018745
"406","HOLSWORTHY","2172",1042,2.5712523133868,100
"407","HOLSWORTHY","2232",1,0.00246761258482418,0.00487234457220815
"408","HORNSBY","2077",17231,40.1973592124294,67.1198192583359
"409","HORNSBY","2126",7498,17.4917183782018,99.9600053326223
"410","HORNSBY","2079",3290,7.67508048336677,100
"411","HORNSBY","2158",2568,5.99076190920543,60.409315455187
"412","HORNSBY","2082",2410,5.62217141790697,100
"413","HORNSBY","2159",2292,5.34689497503849,100
"414","HORNSBY","2081",2236,5.2162553072365,100
"415","HORNSBY","2125",1681,3.92152288527038,25.8019953952418
"416","HORNSBY","2080",1060,2.47282228339477,99.9057492931197
"417","HORNSBY","2083",766,1.78696402743433,54.0578687367678
"418","HORNSBY","2157",721,1.68198572295059,39.4420131291028
"419","HORNSBY","2120",596,1.39037932160687,6.18257261410788
"420","HORNSBY","2156",248,0.578547100265945,4.73463153875525
"421","HORNSBY","2775",141,0.328932020715719,7.78145695364238
"422","HORNSBY","2154",65,0.151635328698736,0.2994839660892
"423","HORNSBY","2756",63,0.146969626277236,0.327238728443798
"424","KEIRA","2526",7756,20.3041964449331,88.9755649879546
"425","KEIRA","2518",7583,19.8513050079845,67.0231571504331
"426","KEIRA","2517",7026,18.3931516531846,100
"427","KEIRA","2519",6363,16.6575041231446,70.8574610244989
"428","KEIRA","2500",4717,12.3484907981884,15.5604671109059
"429","KEIRA","2525",4343,11.3694075761146,79.4257498171178
"430","KEIRA","2516",365,0.955522395874237,11.9947420308906
"431","KEIRA","2530",46,0.120422000575931,0.283216352665928
"432","KELLYVILLE","2155",24372,63.7993769796602,77.8359734287174
"433","KELLYVILLE","2153",11992,31.3918483809324,41.7577825753883
"434","KELLYVILLE","2154",1836,4.80615690688725,8.45927018061187
"435","KELLYVILLE","2768",1,0.0026177325200911,0.010482180293501
"436","KIAMA","2527",11776,26.1398446170921,88.6413248024087
"437","KIAMA","2533",9869,21.9067702552719,100
"438","KIAMA","2541",9446,20.9678135405105,54.0110926868317
"439","KIAMA","2535",5887,13.0677025527192,100
"440","KIAMA","2534",4113,9.12985571587125,100
"441","KIAMA","2540",2499,5.54716981132075,7.16148445336008
"442","KIAMA","2577",1291,2.86570477247503,11.6705839811969
"443","KIAMA","2529",76,0.168701442841287,0.485003190810466
"444","KIAMA","2530",74,0.164261931187569,0.455608915158232
"445","KIAMA","2622",19,0.0421753607103219,0.445277712678697
"446","KOGARAH","2220",19615,33.0580601668492,94.0993043895419
"447","KOGARAH","2218",10293,17.3472655262493,100
"448","KOGARAH","2207",9665,16.2888682902166,72.9489018039097
"449","KOGARAH","2217",9307,15.6855144518412,45.8044195088341
"450","KOGARAH","2221",5461,9.2036740540996,66.8175700477181
"451","KOGARAH","2208",3207,5.4049043566192,51.8680252304706
"452","KOGARAH","2209",1682,2.83475183281368,21.459556009186
"453","KOGARAH","2222",105,0.176961321311199,1.42740619902121
"454","LAKE MACQUARIE","2283",13845,31.7044127413039,100
"455","LAKE MACQUARIE","2264",10183,23.3186012961139,100
"456","LAKE MACQUARIE","2284",6956,15.9289198287114,100
"457","LAKE MACQUARIE","2265",4112,9.41629073255628,100
"458","LAKE MACQUARIE","2285",2673,6.12104696695596,15.4589092591522
"459","LAKE MACQUARIE","2259",2453,5.61725709313243,6.7209162145871
"460","LAKE MACQUARIE","2267",1801,4.12420710343722,100
"461","LAKE MACQUARIE","2282",1079,2.47086033570725,12.8666825661817
"462","LAKE MACQUARIE","2278",465,1.0648285969452,35.632183908046
"463","LAKE MACQUARIE","2323",102,0.233575305136367,0.733549083063646
"464","LANE COVE","2066",20113,39.3754894283477,94.5737527624959
"465","LANE COVE","2111",9864,19.3108848864526,100
"466","LANE COVE","2113",5927,11.6033672670321,32.6250894479
"467","LANE COVE","2112",5544,10.8535630383712,25.1474190329311
"468","LANE COVE","2110",4932,9.65544244322631,100
"469","LANE COVE","2065",4504,8.8175411119812,17.7616531272182
"470","LANE COVE","2067",196,0.38371182458888,1.04410824632431
"471","LEPPINGTON","2179",10951,29.4018149599957,99.9270006387444
"472","LEPPINGTON","2171",9678,25.9839982816947,75.2215140680864
"473","LEPPINGTON","2170",4347,11.6710519250389,7.31055127644546
"474","LEPPINGTON","2558",4093,10.9890995006175,100
"475","LEPPINGTON","2565",3181,8.54051441765559,20.9662536250989
"476","LEPPINGTON","2566",2230,5.98722010417226,19.6250990055443
"477","LEPPINGTON","2557",1466,3.93599312677871,15.6140164021728
"478","LEPPINGTON","2178",747,2.00558449229447,32.56320836966
"479","LEPPINGTON","2168",552,1.48203833968748,3.33897894991532
"480","LEPPINGTON","2559",1,0.00268485206465124,0.06635700066357
"481","LISMORE","2480",28319,54.0047293947138,99.204792265116
"482","LISMORE","2484",10554,20.1266257294329,84.3577651666533
"483","LISMORE","2372",4285,8.17155497921355,100
"484","LISMORE","2474",4103,7.82447843167169,100
"485","LISMORE","2469",2021,3.85407528891262,53.5222457627119
"486","LISMORE","2476",770,1.46840077806171,100
"487","LISMORE","2482",658,1.25481521034364,16.7643312101911
"488","LISMORE","2475",335,0.638849689156718,100
"489","LISMORE","2371",284,0.541591975285099,23.9460370994941
"490","LISMORE","2470",249,0.474846485373203,2.83276450511945
"491","LISMORE","2471",240,0.457683359395858,13.7772675086108
"492","LISMORE","4383",182,0.347076547541859,100
"493","LISMORE","2479",110,0.209771539723102,3.96968603392277
"494","LISMORE","4380",109,0.207864525725619,100
"495","LISMORE","2472",87,0.165910217780999,5.71240971766251
"496","LISMORE","4377",74,0.141119035813723,100
"497","LISMORE","2477",42,0.0800945878942751,0.588895120583287
"498","LISMORE","4375",16,0.0305122239597239,100
"499","LIVERPOOL","2170",19195,45.1944810698813,32.2811207157512
"500","LIVERPOOL","2168",15980,37.6247880956866,96.6610210500847
"501","LIVERPOOL","2177",4110,9.67696364663778,67.7435305752431
"502","LIVERPOOL","2171",3187,7.50376718779431,24.7707135084719
"503","LONDONDERRY","2760",19478,41.0097692437258,100
"504","LONDONDERRY","2747",14394,30.3057099545225,56.1519856440665
"505","LONDONDERRY","2765",8931,18.8036887316827,34.0358231707317
"506","LONDONDERRY","2753",3071,6.46580764695974,28.5143918291551
"507","LONDONDERRY","2749",1036,2.18123631463702,14.3549951503395
"508","LONDONDERRY","2748",294,0.61899949469429,23.1678486997636
"509","LONDONDERRY","2762",291,0.612683173319859,3.0130461793332
"510","LONDONDERRY","2770",1,0.00210544045814384,0.00390670781732234
"511","MACQUARIE FIELDS","2565",11991,28.6893482629917,79.0337463749011
"512","MACQUARIE FIELDS","2566",9132,21.8489807637094,80.3661005016281
"513","MACQUARIE FIELDS","2564",6331,15.1473825246435,100
"514","MACQUARIE FIELDS","2174",5554,13.2883529524356,100
"515","MACQUARIE FIELDS","2170",4614,11.039333907551,7.75957754532306
"516","MACQUARIE FIELDS","2167",4165,9.96506842760073,100
"517","MACQUARIE FIELDS","2179",8,0.0191405876160398,0.072999361255589
"518","MACQUARIE FIELDS","2171",1,0.00239257345200498,0.0077724234416291
"519","MAITLAND","2320",15220,35.73189341472,71.2013473053892
"520","MAITLAND","2323",13057,30.6538326094612,93.9014742898238
"521","MAITLAND","2322",8478,19.903744570959,65.3309701780072
"522","MAITLAND","2321",5585,13.1118675900927,51.2385321100917
"523","MAITLAND","2324",170,0.399107876511328,0.88523224328265
"524","MAITLAND","2326",58,0.1361662166921,1.50610231108803
"525","MAITLAND","2334",27,0.0633877215635638,1.49667405764967
"526","MANLY","2095",14424,25.2972745448806,100
"527","MANLY","2093",12081,21.1880458802483,99.9917232246317
"528","MANLY","2099",11969,20.9916166824512,48.3517815302577
"529","MANLY","2096",8609,15.0987407485355,100
"530","MANLY","2094",3676,6.44708688484338,100
"531","MANLY","2100",3220,5.64733943666912,24.2982191367341
"532","MANLY","2092",3039,5.32989582237188,100
"533","MAROUBRA","2035",19544,38.3674591177683,100
"534","MAROUBRA","2036",18244,35.8153870315475,100
"535","MAROUBRA","2019",9435,18.5221539488408,100
"536","MAROUBRA","2032",3179,6.2407978169968,34.4868735083532
"537","MAROUBRA","2034",532,1.0443864229765,3.79945722039709
"538","MAROUBRA","2018",5,0.0098156618700799,0.0390777647518562
"539","MIRANDA","2228",11548,25.309020776716,83.912222060747
"540","MIRANDA","2224",8039,17.6185675462435,100
"541","MIRANDA","2234",6136,13.447882878934,48.9548428275092
"542","MIRANDA","2226",5937,13.0117471727886,100
"543","MIRANDA","2232",4238,9.28815639519593,20.6489962970181
"544","MIRANDA","2227",3825,8.38301043219076,52.3255813953488
"545","MIRANDA","2229",3709,8.12878057333216,19.4463377549415
"546","MIRANDA","2225",2196,4.81283422459893,100
"547","MONARO","2620",25986,44.5125815789924,95.0788481943581
"548","MONARO","2630",6435,11.0227992942668,100
"549","MONARO","2627",5549,9.5051302694462,100
"550","MONARO","2622",4057,6.94941674232173,95.078509491446
"551","MONARO","2619",3945,6.75756693331506,100
"552","MONARO","2621",3376,5.78290138577228,98.3110075713454
"553","MONARO","2632",2972,5.09087171756967,98.9347536617843
"554","MONARO","2628",1914,3.27857620034601,100
"555","MONARO","2625",806,1.38063344695867,100
"556","MONARO","2629",756,1.29498621079498,88.1118881118881
"557","MONARO","2631",751,1.28642148717861,100
"558","MONARO","2623",438,0.750269788793916,100
"559","MONARO","2626",389,0.6663354973535,100
"560","MONARO","2633",374,0.640641326504394,100
"561","MONARO","2580",362,0.620085989825108,1.67763462786171
"562","MONARO","2624",191,0.327172442145292,100
"563","MONARO","2581",78,0.133609688415355,3.80487804878049
"564","MOUNT DRUITT","2770",25596,65.7690528804152,99.9960932921827
"565","MOUNT DRUITT","2761",6858,17.6216660671155,57.3267575022988
"566","MOUNT DRUITT","2766",6464,16.6092810524693,95.5788851101582
"567","MURRAY","2680",15607,25.0928501374664,100
"568","MURRAY","2710",7231,11.6259626670097,100
"569","MURRAY","2705",6695,10.7641847677541,99.5539033457249
"570","MURRAY","2731",5801,9.32681640593598,100
"571","MURRAY","2711",2614,4.20277505345917,100
"572","MURRAY","2714",2512,4.0387800054665,100
"573","MURRAY","2713",2355,3.78635625512485,100
"574","MURRAY","2648",1912,3.07410325256845,99.4279771190848
"575","MURRAY","2732",1693,2.72199623776066,100
"576","MURRAY","2675",1452,2.33451774201328,100
"577","MURRAY","3644",1394,2.2412656558998,100
"578","MURRAY","2712",1307,2.10138752672959,100
"579","MURRAY","2738",1245,2.00170426226345,100
"580","MURRAY","2681",1234,1.98401852179366,100
"581","MURRAY","2707",1149,1.84735598179977,100
"582","MURRAY","2717",1069,1.71873241474669,100
"583","MURRAY","2715",1050,1.68818431757159,100
"584","MURRAY","2739",960,1.54348280463688,100
"585","MURRAY","2716",894,1.43736836181809,100
"586","MURRAY","2706",811,1.30392141100053,100
"587","MURRAY","2737",618,0.993617055484991,100
"588","MURRAY","2652",503,0.808720677846198,11.7743445692884
"589","MURRAY","2703",477,0.76691801855395,100
"590","MURRAY","2733",439,0.70582182420374,100
"591","MURRAY","2734",311,0.500024116918822,100
"592","MURRAY","2736",260,0.418026592922488,100
"593","MURRAY","2735",231,0.371400549865749,100
"594","MURRAY","2669",182,0.292618615045742,10.8982035928144
"595","MURRAY","2700",60,0.096467675289805,1.57687253613666
"596","MURRAY","2665",55,0.0884287023489879,2.34942332336608
"597","MURRAY","2646",49,0.0787819348200074,0.869256696824552
"598","MURRAY","2878",20,0.0321558917632683,4.739336492891
"599","MURRAY","2647",7,0.0112545621171439,0.252707581227437
"600","MYALL LAKES","2430",24211,41.1457802250093,99.9628406275805
"601","MYALL LAKES","2428",23916,40.644437646579,100
"602","MYALL LAKES","2429",6222,10.574079738962,93.5639097744361
"603","MYALL LAKES","2423",2814,4.78229835831549,99.7165131112686
"604","MYALL LAKES","2312",934,1.58730158730159,100
"605","MYALL LAKES","2424",537,0.912613439380035,98.7132352941177
"606","MYALL LAKES","2422",130,0.220930627782876,3.03525566191922
"607","MYALL LAKES","2426",78,0.132558376669726,16.4556962025316
"608","NEWCASTLE","2300",12345,21.6910020557693,100
"609","NEWCASTLE","2304",10384,18.2453920896807,100
"610","NEWCASTLE","2303",7446,13.0831268778662,99.9865717738687
"611","NEWCASTLE","2291",7184,12.6227751128916,90.1606425702811
"612","NEWCASTLE","2295",4682,8.2265914641646,100
"613","NEWCASTLE","2293",3001,5.27296048354506,100
"614","NEWCASTLE","2302",2475,4.34874281798535,100
"615","NEWCASTLE","2292",2246,3.94637429058387,99.8666073810582
"616","NEWCASTLE","2294",1499,2.63384464006466,100
"617","NEWCASTLE","2296",1494,2.62505930103843,100
"618","NEWCASTLE","2289",1263,2.21917663802646,12.3472480203343
"619","NEWCASTLE","2298",1151,2.02238504383884,22.1601848286484
"620","NEWCASTLE","2297",1079,1.89587616186109,100
"621","NEWCASTLE","2318",419,0.736211410398327,5.93820861678005
"622","NEWCASTLE","2322",211,0.370741306907034,1.62595361023349
"623","NEWCASTLE","2305",34,0.0597403053783845,0.507084265473527
"624","NEWTOWN","2042",14015,21.8796346889392,100
"625","NEWTOWN","2016",11393,17.786277417844,100
"626","NEWTOWN","2008",9022,14.0847709000078,99.8450641876937
"627","NEWTOWN","2049",8663,13.524315041761,98.8588382973867
"628","NEWTOWN","2043",7380,11.5213488408399,99.8376623376623
"629","NEWTOWN","2048",4739,7.39832956053392,99.726430976431
"630","NEWTOWN","2050",4304,6.71922566544376,55.635987590486
"631","NEWTOWN","2204",2078,3.24408711263758,11.6728457476688
"632","NEWTOWN","2015",2007,3.13324486769183,16.1946259985476
"633","NEWTOWN","2017",231,0.360627585668566,0.95771144278607
"634","NEWTOWN","2203",98,0.152993521192725,1.06730559790895
"635","NEWTOWN","2000",96,0.14987120443369,0.155154022691276
"636","NEWTOWN","2010",18,0.0281008508313168,0.0567125618324459
"637","NEWTOWN","2040",9,0.0140504254156584,0.0644329896907216
"638","NEWTOWN","2037",2,0.0031223167590352,0.0156298843388559
"639","NORTH SHORE","2088",18897,29.0031463433351,99.9894174294936
"640","NORTH SHORE","2060",16040,24.6182180953112,98.9695810452274
"641","NORTH SHORE","2065",11482,17.6225922799478,45.2795961826642
"642","NORTH SHORE","2089",7738,11.8762949888727,76.8802781917536
"643","NORTH SHORE","2061",6208,9.52804849973141,100
"644","NORTH SHORE","2090",4788,7.348630189548,48.5450674237048
"645","NORTH SHORE","2087",2,0.00306960325377945,0.0376222723852521
"646","NORTHERN TABLELANDS","2350",18556,32.0013796671553,100
"647","NORTHERN TABLELANDS","2360",8805,15.1849616280072,100
"648","NORTHERN TABLELANDS","2400",6776,11.6857808053807,100
"649","NORTHERN TABLELANDS","2370",5361,9.24549452444598,99.2226540810661
"650","NORTHERN TABLELANDS","2354",3220,5.55316030007761,95.3791469194313
"651","NORTHERN TABLELANDS","2365",2973,5.12718806587911,100
"652","NORTHERN TABLELANDS","2358",2388,4.11830645856687,100
"653","NORTHERN TABLELANDS","2402",1535,2.64723635422954,100
"654","NORTHERN TABLELANDS","2404",1366,2.35578166767267,100
"655","NORTHERN TABLELANDS","2371",902,1.55557471759938,76.0539629005059
"656","NORTHERN TABLELANDS","2406",744,1.28309045442787,100
"657","NORTHERN TABLELANDS","2361",684,1.17961541778046,100
"658","NORTHERN TABLELANDS","2369",597,1.02957661464172,100
"659","NORTHERN TABLELANDS","2359",579,0.998534103647495,95.2302631578947
"660","NORTHERN TABLELANDS","2409",564,0.972665344485643,100
"661","NORTHERN TABLELANDS","2403",437,0.753643183581961,100
"662","NORTHERN TABLELANDS","2399",402,0.693282745537639,100
"663","NORTHERN TABLELANDS","2405",376,0.648443562990428,100
"664","NORTHERN TABLELANDS","2347",345,0.594981460722601,19.6805476326298
"665","NORTHERN TABLELANDS","2453",248,0.427696818142623,10.1059494702526
"666","NORTHERN TABLELANDS","2401",237,0.408726394757265,100
"667","NORTHERN TABLELANDS","2408",190,0.327670949383461,100
"668","NORTHERN TABLELANDS","2410",179,0.308700525998103,100
"669","NORTHERN TABLELANDS","2440",143,0.246615504009658,0.985255615268017
"670","NORTHERN TABLELANDS","2398",118,0.203500905406571,99.1596638655462
"671","NORTHERN TABLELANDS","2390",70,0.120720876088644,1.10062893081761
"672","NORTHERN TABLELANDS","2411",65,0.112097956368026,100
"673","NORTHERN TABLELANDS","4385",58,0.100025868759162,100
"674","NORTHERN TABLELANDS","2397",35,0.0603604380443218,8.31353919239905
"675","NORTHERN TABLELANDS","2833",20,0.0344916788824696,3.3500837520938
"676","NORTHERN TABLELANDS","2387",12,0.0206950073294818,8.82352941176471
"677","OATLEY","2210",17193,37.990542690472,94.7533755855608
"678","OATLEY","2223",11633,25.7048789110836,100
"679","OATLEY","2222",7251,16.0221849036592,98.5725938009788
"680","OATLEY","2209",5237,11.5719462612692,66.815514161776
"681","OATLEY","2221",2712,5.99257557009015,33.1824299522819
"682","OATLEY","2220",1230,2.71787166342584,5.90069561045814
"683","ORANGE","2800",28137,56.1392657621708,99.7235513024987
"684","ORANGE","2870",8006,15.9736632083001,100
"685","ORANGE","2871",6041,12.0530726256983,98.8383507853403
"686","ORANGE","2866",1682,3.35594573024741,88.8536714210248
"687","ORANGE","2804",1510,3.01276935355148,76.2626262626263
"688","ORANGE","2869",932,1.85953711093376,76.4561115668581
"689","ORANGE","2865",606,1.20909816440543,100
"690","ORANGE","2875",596,1.18914604948125,78.1127129750983
"691","ORANGE","2806",540,1.07741420590583,100
"692","ORANGE","2864",521,1.03950518754988,100
"693","ORANGE","2867",381,0.760175578611333,92.7007299270073
"694","ORANGE","2868",324,0.646448523543496,72.972972972973
"695","ORANGE","2876",314,0.626496408619314,100
"696","ORANGE","2874",287,0.572625698324022,77.9891304347826
"697","ORANGE","2798",172,0.34317637669593,14.1331142152835
"698","ORANGE","2805",29,0.0578611332801277,8.57988165680473
"699","ORANGE","2799",21,0.0418994413407821,0.698602794411178
"700","ORANGE","2795",12,0.0239425379090184,0.0446760982874162
"701","ORANGE","2877",6,0.0119712689545092,0.182260024301337
"702","ORANGE","2810",3,0.00598563447725459,0.108303249097473
"703","OXLEY","2440",14371,27.7293250492031,99.014744384732
"704","OXLEY","2446",7464,14.4020375873114,92.6629422718808
"705","OXLEY","2448",7054,13.6109288773974,100
"706","OXLEY","2447",5044,9.73256666538031,100
"707","OXLEY","2431",4883,9.42191178173118,100
"708","OXLEY","2454",4461,8.60764867055146,99.642617824436
"709","OXLEY","2441",2532,4.8855786670783,100
"710","OXLEY","2455",2339,4.5131787133871,100
"711","OXLEY","2453",1746,3.36896538417011,71.1491442542787
"712","OXLEY","2449",1343,2.59136340832787,100
"713","OXLEY","2429",428,0.825840311812604,6.43609022556391
"714","OXLEY","2444",157,0.302936749893876,0.443214860401434
"715","OXLEY","2439",4,0.00771813375525798,0.173611111111111
"716","PARRAMATTA","2150",27552,34.4684364600796,97.9417724218833
"717","PARRAMATTA","2127",14062,17.5920134110641,100
"718","PARRAMATTA","2151",7587,9.49158055395701,62.8635346756152
"719","PARRAMATTA","2142",7326,9.16506117546976,46.9615384615385
"720","PARRAMATTA","2115",5987,7.48992919158306,100
"721","PARRAMATTA","2145",5969,7.46741061375635,13.9127799920751
"722","PARRAMATTA","2116",4148,5.18928115695449,100
"723","PARRAMATTA","2128",2515,3.14634573523157,100
"724","PARRAMATTA","2141",2292,2.8673655766007,14.8397539656847
"725","PARRAMATTA","2117",1864,2.33192383716566,17.2385092018866
"726","PARRAMATTA","2114",632,0.790652288137713,4.25417339795369
"727","PENRITH","2750",32111,64.8287975450214,100
"728","PENRITH","2747",11240,22.6924008721635,43.8480143559335
"729","PENRITH","2749",6181,12.4788015828151,85.6450048496605
"730","PITTWATER","2101",10793,25.7835642618251,98.5482103725347
"731","PITTWATER","2107",7244,17.3053033922599,100
"732","PITTWATER","2103",6734,16.0869565217391,100
"733","PITTWATER","2106",5108,12.202580028667,100
"734","PITTWATER","2102",4717,11.268514094601,100
"735","PITTWATER","2104",2405,5.74534161490683,100
"736","PITTWATER","2108",1864,4.45293836598184,100
"737","PITTWATER","2084",1725,4.12087912087912,99.8841922408801
"738","PITTWATER","2105",1253,2.9933110367893,100
"739","PITTWATER","2097",12,0.0286669851887243,0.167434072833822
"740","PITTWATER","2085",4,0.00955566172957477,0.0728199526670308
"741","PITTWATER","2080",1,0.00238891543239369,0.0942507068803016
"742","PORT MACQUARIE","2444",35266,66.7802836637694,99.5567851395986
"743","PORT MACQUARIE","2443",6749,12.7800185574429,100
"744","PORT MACQUARIE","2445",4440,8.40765778560473,100
"745","PORT MACQUARIE","2427",2868,5.43089246151224,100
"746","PORT MACQUARIE","2439",2300,4.35531822227272,99.8263888888889
"747","PORT MACQUARIE","2446",591,1.11912742146225,7.33705772811918
"748","PORT MACQUARIE","2426",396,0.749872180878259,83.5443037974684
"749","PORT MACQUARIE","2898",190,0.359787157492094,100
"750","PORT MACQUARIE","2430",9,0.017042549565415,0.037159372419488
"751","PORT STEPHENS","2324",18875,32.6150815593033,98.2868152468236
"752","PORT STEPHENS","2315",15068,26.0367708045341,100
"753","PORT STEPHENS","2318",6637,11.4684130494885,94.06179138322
"754","PORT STEPHENS","2317",5599,9.67479955764446,100
"755","PORT STEPHENS","2316",5246,9.0648327343102,100
"756","PORT STEPHENS","2319",4169,7.20382914017141,100
"757","PORT STEPHENS","2321",965,1.66747304395908,8.85321100917431
"758","PORT STEPHENS","2322",729,1.25967652750899,5.6176311936503
"759","PORT STEPHENS","2320",573,0.990116118330108,2.68057634730539
"760","PORT STEPHENS","2423",8,0.0138236107271219,0.283486888731396
"761","PORT STEPHENS","2425",3,0.00518385402267072,0.215827338129496
"762","PROSPECT","2145",22201,46.9991743760188,51.7469640817658
"763","PROSPECT","2164",9819,20.786671465165,76.051429014019
"764","PROSPECT","2147",5907,12.5050278383471,32.9981565275683
"765","PROSPECT","2146",4581,9.69790630226306,50.7815098104423
"766","PROSPECT","2148",2832,5.99530029426085,8.43032774685202
"767","PROSPECT","2176",1537,3.25380527975951,9.07427087023261
"768","PROSPECT","2165",282,0.596989647945466,1.44134934832609
"769","PROSPECT","2766",77,0.163007811673053,1.13854798166494
"770","PROSPECT","2175",1,0.0021169845671825,0.0735835172921266
"771","RIVERSTONE","2763",11212,25.1294349687339,85.1328777524677
"772","RIVERSTONE","2762",9367,20.9942398637291,96.9869538206668
"773","RIVERSTONE","2765",6964,15.6084003855033,26.5396341463415
"774","RIVERSTONE","2155",6761,15.1534168590448,21.5923607562596
"775","RIVERSTONE","2769",5952,13.3402066476903,100
"776","RIVERSTONE","2768",4361,9.77430127529865,45.7127882599581
"777","ROCKDALE","2216",18285,32.4024029345572,100
"778","ROCKDALE","2205",14778,26.187733692474,100
"779","ROCKDALE","2217",11012,19.5140968616541,54.1955804911659
"780","ROCKDALE","2219",8772,15.544647445553,100
"781","ROCKDALE","2207",3584,6.35111906576173,27.0510981960903
"782","RYDE","2122",16960,27.090920707942,100
"783","RYDE","2112",16502,26.3593380614657,74.8525809670689
"784","RYDE","2114",14224,22.7205929333589,95.7458266020463
"785","RYDE","2113",12240,19.551466359977,67.3749105521
"786","RYDE","2121",1649,2.63401699571912,9.27446569178853
"787","RYDE","2118",1028,1.64206759951441,8.02874101843174
"788","RYDE","2093",1,0.00159734202287394,0.0082767753683165
"789","SHELLHARBOUR","2529",15594,37.4522660134015,99.5149968091895
"790","SHELLHARBOUR","2530",12976,31.1645891875015,79.8916389607191
"791","SHELLHARBOUR","2528",11558,27.7589643826404,85.097923722574
"792","SHELLHARBOUR","2527",1509,3.62418041645652,11.3586751975913
"793","SOUTH COAST","2540",32396,53.492288894026,92.8385155466399
"794","SOUTH COAST","2539",17771,29.3434827119316,100
"795","SOUTH COAST","2541",8043,13.2806049998349,45.9889073131683
"796","SOUTH COAST","2538",2021,3.33707605429147,100
"797","SOUTH COAST","2536",314,0.518476932730095,1.68753694846026
"798","SOUTH COAST","2622",17,0.0280704071860242,0.398406374501992
"799","STRATHFIELD","2140",13737,22.1671776666129,95.2305025996534
"800","STRATHFIELD","2135",13642,22.0138776827497,99.9560375146542
"801","STRATHFIELD","2134",12432,20.0613199935453,99.9839150715779
"802","STRATHFIELD","2132",5089,8.21203808294336,100
"803","STRATHFIELD","2133",5028,8.1136033564628,95.0652297220647
"804","STRATHFIELD","2136",4672,7.53913183798612,100
"805","STRATHFIELD","2194",3354,5.41229627238987,22.0788624843657
"806","STRATHFIELD","2191",2973,4.79748265289656,100
"807","STRATHFIELD","2131",1000,1.61368404066484,6.76406926406926
"808","STRATHFIELD","2193",31,0.05002420526061,0.304339289220499
"809","STRATHFIELD","2046",11,0.0177505244473132,0.0709082704828209
"810","STRATHFIELD","2137",1,0.00161368404066484,0.00666000666000666
"811","SUMMER HILL","2204",15724,30.7915246935339,88.3271542523312
"812","SUMMER HILL","2131",13784,26.9925194845886,93.2359307359307
"813","SUMMER HILL","2203",9084,17.7887439783809,98.932694402091
"814","SUMMER HILL","2130",4906,9.60717502839463,100
"815","SUMMER HILL","2193",4220,8.26381545450985,41.4294129196937
"816","SUMMER HILL","2045",2987,5.84929307171112,100
"817","SUMMER HILL","2133",261,0.51110327811068,4.93477027793534
"818","SUMMER HILL","2049",99,0.193866760662672,1.12975008558713
"819","SUMMER HILL","2044",1,0.00195825010770376,0.0175746924428823
"820","SWANSEA","2280",13791,32.2928862454924,98.7116169207644
"821","SWANSEA","2281",9516,22.2825832435723,100
"822","SWANSEA","2259",9406,22.0250081955697,25.7712751383637
"823","SWANSEA","2262",8016,18.7701962253548,75.2888137503522
"824","SWANSEA","2290",1974,4.62230131597434,10.2941176470588
"825","SWANSEA","2282",3,0.00702477403643516,0.0357739088957787
"826","SYDNEY","2000",61778,43.7087873213528,99.8448459773087
"827","SYDNEY","2010",31721,22.4430451393802,99.9432874381675
"828","SYDNEY","2011",22681,16.0471204188482,100
"829","SYDNEY","2009",12169,8.6097353898401,97.4689627553064
"830","SYDNEY","2021",11032,7.80529220319796,99.6297299738102
"831","SYDNEY","2007",1924,1.36125654450262,20.8835341365462
"832","SYDNEY","2025",21,0.0148577897268997,0.363258951738454
"833","SYDNEY","2033",14,0.00990519315126645,0.179648402412421
"834","TAMWORTH","2340",33811,60.297107393801,99.9940851151924
"835","TAMWORTH","2380",7180,12.8045083282805,100
"836","TAMWORTH","2343",4003,7.13878089667225,100
"837","TAMWORTH","2346",2050,3.65588329707173,100
"838","TAMWORTH","2352",1594,2.8426721831865,100
"839","TAMWORTH","2347",1407,2.50918429218533,80.2624073017684
"840","TAMWORTH","2341",1170,2.08652851588972,100
"841","TAMWORTH","2381",1127,2.00984413453651,89.2319873317498
"842","TAMWORTH","2339",727,1.29650105218105,100
"843","TAMWORTH","2353",640,1.14134893176873,100
"844","TAMWORTH","2355",553,0.986196811356422,100
"845","TAMWORTH","2344",480,0.856011698826551,100
"846","TAMWORTH","2342",453,0.807861040767557,100
"847","TAMWORTH","2345",365,0.650925562649356,100
"848","TAMWORTH","2354",155,0.27642044441274,4.59123222748815
"849","TAMWORTH","2379",132,0.235403217177301,56.4102564102564
"850","TAMWORTH","2338",114,0.203302778471306,9.32134096484056
"851","TAMWORTH","2382",84,0.149802047294646,5.78911095796003
"852","TAMWORTH","2359",29,0.0517173734707708,4.76973684210526
"853","TERRIGAL","2251",20830,44.1192044563997,100
"854","TERRIGAL","2260",14425,30.5530256497151,99.9792070973108
"855","TERRIGAL","2250",7513,15.9129900662953,16.46937612346
"856","TERRIGAL","2257",4444,9.41266176688624,22.1679054222577
"857","TERRIGAL","2261",1,0.00211806070361977,0.00295796728488183
"858","THE ENTRANCE","2261",32509,68.2876108053607,96.1605584642234
"859","THE ENTRANCE","2250",11302,23.7407049531572,24.7753079924591
"860","THE ENTRANCE","2258",2577,5.41318321220014,89.5413481584434
"861","THE ENTRANCE","2259",1215,2.55219930260891,3.32894953148118
"862","THE ENTRANCE","2260",3,0.00630172667310843,0.0207929026892154
"863","TWEED","2486",19502,36.3017013514017,100
"864","TWEED","2485",12194,22.6983358772942,100
"865","TWEED","2487",11280,20.9969844756338,100
"866","TWEED","2489",5118,9.52682327538066,100
"867","TWEED","2488",2340,4.35575741781765,100
"868","TWEED","2484",1957,3.64282789173895,15.6422348333467
"869","TWEED","2483",983,1.8297904024422,14.1887990762125
"870","TWEED","2490",348,0.647779308290831,100
"871","UPPER HUNTER","2330",13003,24.1866780751846,99.946195234435
"872","UPPER HUNTER","2333",8789,16.3482822120124,100
"873","UPPER HUNTER","2337",5637,10.4852960324399,100
"874","UPPER HUNTER","2422",4153,7.72493071185432,96.9647443380808
"875","UPPER HUNTER","2320",4093,7.61332564498428,19.1476422155689
"876","UPPER HUNTER","2420",3083,5.73464035267201,100
"877","UPPER HUNTER","2335",2856,5.31240118301371,63.2418069087688
"878","UPPER HUNTER","2329",1908,3.54904112646714,96.9512195121951
"879","UPPER HUNTER","2321",1721,3.2012053347222,15.7889908256881
"880","UPPER HUNTER","2328",1706,3.17330406800469,100
"881","UPPER HUNTER","2336",1678,3.12122170346534,100
"882","UPPER HUNTER","2425",1387,2.57993712914566,99.7841726618705
"883","UPPER HUNTER","2421",1241,2.30836479976191,100
"884","UPPER HUNTER","2338",1109,2.06283365264783,90.6786590351594
"885","UPPER HUNTER","2311",813,1.51224865608899,100
"886","UPPER HUNTER","2415",352,0.654749725637544,100
"887","UPPER HUNTER","2324",159,0.295753427205595,0.827952509893772
"888","UPPER HUNTER","2850",31,0.0576626178828519,0.214949382887256
"889","UPPER HUNTER","2325",17,0.0316214356131768,0.095591542959964
"890","UPPER HUNTER","2331",15,0.027901266717509,100
"891","UPPER HUNTER","2424",7,0.0130205911348375,1.28676470588235
"892","UPPER HUNTER","2340",2,0.00372016889566786,0.00591488480761837
"893","UPPER HUNTER","2354",1,0.00186008444783393,0.0296208530805687
"894","VAUCLUSE","2026",21002,34.3546038964226,84.2878356142393
"895","VAUCLUSE","2027",7657,12.5251500826068,100
"896","VAUCLUSE","2030",7491,12.2536109793401,100
"897","VAUCLUSE","2029",7012,11.4700734464201,100
"898","VAUCLUSE","2023",6267,10.2514190371812,100
"899","VAUCLUSE","2025",5760,9.42207972780658,99.6367410482615
"900","VAUCLUSE","2028",4879,7.98095954721672,100
"901","VAUCLUSE","2022",1065,1.7421032830059,8.11552236531281
"902","WAGGA WAGGA","2650",37143,71.4659534758432,98.8292579091611
"903","WAGGA WAGGA","2720",5449,10.484289919766,99.9633094844983
"904","WAGGA WAGGA","2652",2104,4.04825582513998,49.250936329588
"905","WAGGA WAGGA","2656",1569,3.01887518519231,99.6823379923761
"906","WAGGA WAGGA","2655",1406,2.70525080330171,100
"907","WAGGA WAGGA","2651",1166,2.24347257229715,100
"908","WAGGA WAGGA","2729",1101,2.11840763473342,84.0458015267176
"909","WAGGA WAGGA","2730",1048,2.01643160871991,100
"910","WAGGA WAGGA","2642",339,0.652261751293941,10.2046959662854
"911","WAGGA WAGGA","2658",233,0.448309699266927,19.9315654405475
"912","WAGGA WAGGA","2722",141,0.271294710715179,5.51859099804305
"913","WAGGA WAGGA","2661",127,0.244357647239913,100
"914","WAGGA WAGGA","2702",75,0.144305697188925,9.3167701863354
"915","WAGGA WAGGA","2611",44,0.084659342350836,53.0120481927711
"916","WAGGA WAGGA","2678",12,0.023088911550228,100
"917","WAGGA WAGGA","2645",8,0.015392607700152,1.85614849187935
"918","WAGGA WAGGA","2649",5,0.009620379812595,16.6666666666667
"919","WAGGA WAGGA","2659",3,0.005772227887557,0.512820512820513
"920","WAHROONGA","2076",11655,26.1539842470211,100
"921","WAHROONGA","2120",8928,20.0345578170231,92.6141078838174
"922","WAHROONGA","2077",8441,18.9417229540202,32.8801807416641
"923","WAHROONGA","2074",7963,17.8690842178489,73.888837338777
"924","WAHROONGA","2073",7552,16.946794425869,93.5579781962339
"925","WAHROONGA","2075",24,0.053856338217804,0.247652461046332
"926","WAKEHURST","2099",12785,31.3173623358809,51.6482184697423
"927","WAKEHURST","2100",10032,24.5737801293357,75.7017808632659
"928","WAKEHURST","2097",7155,17.526455026455,99.8325659271662
"929","WAKEHURST","2087",5314,13.0168528316676,99.9623777276148
"930","WAKEHURST","2086",3878,9.49931412894376,69.5855015252108
"931","WAKEHURST","2085",1499,3.67185969037821,27.2892772619698
"932","WAKEHURST","2101",159,0.389476778365667,1.4517896274653
"933","WAKEHURST","2084",2,0.00489907897315305,0.115807759119861
"934","WALLSEND","2287",19029,45.0998980873605,100
"935","WALLSEND","2299",6688,15.850970540137,100
"936","WALLSEND","2298",4043,9.58215817789681,77.8398151713516
"937","WALLSEND","2285",3921,9.29301068897685,22.6765369267249
"938","WALLSEND","2322",3399,8.05583864622094,26.1924944131926
"939","WALLSEND","2305",2657,6.29725309885526,39.6271439224459
"940","WALLSEND","2307",2367,5.6099352973242,100
"941","WALLSEND","2289",78,0.184864787998009,0.762537882490957
"942","WALLSEND","2308",11,0.0260706752304885,100
"943","WILLOUGHBY","2067",18576,30.2747807946804,98.9558917536757
"944","WILLOUGHBY","2065",9372,15.274291860882,36.9587506901175
"945","WILLOUGHBY","2068",8137,13.2615143909515,100
"946","WILLOUGHBY","2064",6429,10.4778512989341,100
"947","WILLOUGHBY","2090",5075,8.27113008898595,51.4549325762952
"948","WILLOUGHBY","2062",4628,7.54261872942404,100
"949","WILLOUGHBY","2063",3087,5.03112878516249,100
"950","WILLOUGHBY","2069",2404,3.91798950422113,35.3997938447946
"951","WILLOUGHBY","2089",2327,3.79249649597444,23.1197218082464
"952","WILLOUGHBY","2066",1154,1.88076534437237,5.42624723750411
"953","WILLOUGHBY","2060",167,0.272173147755794,1.03041895477263
"954","WILLOUGHBY","2088",2,0.00325955865575801,0.010582570506376
"955","WINSTON HILLS","2147",11994,27.7722462778151,67.0018434724317
"956","WINSTON HILLS","2152",6347,14.6965522032093,100
"957","WINSTON HILLS","2153",5760,13.3373468867946,20.0571070408803
"958","WINSTON HILLS","2768",5178,11.9897191284414,54.2767295597484
"959","WINSTON HILLS","2145",4646,10.7578669507028,10.8290795515465
"960","WINSTON HILLS","2146",4440,10.2808715585709,49.2184901895577
"961","WINSTON HILLS","2148",4039,9.35235140204228,12.0233381954574
"962","WINSTON HILLS","2151",783,1.81304559242365,6.48769574944072
"963","WOLLONDILLY","2575",9498,21.8858011889949,95.601409159537
"964","WOLLONDILLY","2576",9398,21.6553758237707,97.2777145223062
"965","WOLLONDILLY","2571",6700,15.4384994700217,100
"966","WOLLONDILLY","2570",4456,10.2677542743905,15.6361849954383
"967","WOLLONDILLY","2573",3359,7.73998801788101,100
"968","WOLLONDILLY","2572",3018,6.95423752246647,100
"969","WOLLONDILLY","2752",2809,6.47264850914789,100
"970","WOLLONDILLY","2574",2748,6.33208903636112,100
"971","WOLLONDILLY","2568",653,1.50467763491405,100
"972","WOLLONDILLY","2569",591,1.36181390847504,100
"973","WOLLONDILLY","2745",137,0.315682750357159,1.05889627454011
"974","WOLLONDILLY","2787",31,0.0714318632195032,0.840791971792785
"975","WOLLONGONG","2500",25597,47.8242998337163,84.4395328890942
"976","WOLLONGONG","2502",7053,13.177512471274,100
"977","WOLLONGONG","2506",3830,7.1558021785027,100
"978","WOLLONGONG","2518",3731,6.97083496814454,32.9768428495669
"979","WOLLONGONG","2505",3439,6.42527511537096,100
"980","WOLLONGONG","2530",3146,5.8778469069372,19.3695357714567
"981","WOLLONGONG","2519",2617,4.88948676270015,29.1425389755011
"982","WOLLONGONG","2528",2024,3.78155185621135,14.902076277426
"983","WOLLONGONG","2525",1125,2.10190011770641,20.5742501828822
"984","WOLLONGONG","2526",961,1.79548978943632,11.0244350120454
"985","WYONG","2259",23422,53.512760172725,64.1733793632528
"986","WYONG","2263",16118,36.8251502204757,100
"987","WYONG","2262",2631,6.01110374922891,24.7111862496478
"988","WYONG","2261",1297,2.96328451643858,3.83648356849173
"989","WYONG","2258",301,0.687701341131851,10.4586518415566
"990",NA,"2648",1,100,0.0520020800832033
